Nation;Name;Age;Position;Wiki;Matches;
Canada;Erin McLeod;32;GK;https://en.wikipedia.org/wiki/Erin_McLeod;104;
Canada;Emily Zurrer;27;DF;https://en.wikipedia.org/wiki/Emily_Zurrer;82;
Canada;Kadeisha Buchanan;19;DF;https://en.wikipedia.org/wiki/Kadeisha_Buchanan;34;
Canada;Carmelina Moscato;31;DF;https://en.wikipedia.org/wiki/Carmelina_Moscato;91;
Canada;Robyn Gayle;29;DF;https://en.wikipedia.org/wiki/Robyn_Gayle;81;
Canada;Kaylyn Kyle;26;MF;https://en.wikipedia.org/wiki/Kaylyn_Kyle;95;
Canada;Rhian Wilkinson;33;DF;https://en.wikipedia.org/wiki/Rhian_Wilkinson;163;
Canada;Diana Matheson;31;MF;https://en.wikipedia.org/wiki/Diana_Matheson;166;
Canada;Josée Bélanger;29;FW;https://en.wikipedia.org/wiki/Jos%C3%A9e_B%C3%A9langer;29;
Canada;Lauren Sesselmann;31;DF;https://en.wikipedia.org/wiki/Lauren_Sesselmann;41;
Canada;Desiree Scott;27;MF;https://en.wikipedia.org/wiki/Desiree_Scott;89;
Canada;Christine Sinclair;31;FW;https://en.wikipedia.org/wiki/Christine_Sinclair;222;
Canada;Sophie Schmidt;26;MF;https://en.wikipedia.org/wiki/Sophie_Schmidt;131;
Canada;Melissa Tancredi;33;FW;https://en.wikipedia.org/wiki/Melissa_Tancredi;99;
Canada;Allysha Chapman;26;DF;https://en.wikipedia.org/wiki/Allysha_Chapman;11;
Canada;Jonelle Filigno;24;FW;https://en.wikipedia.org/wiki/Jonelle_Filigno;68;
Canada;Jessie Fleming;17;MF;https://en.wikipedia.org/wiki/Jessie_Fleming;15;
Canada;Selenia Iacchelli;29;MF;https://en.wikipedia.org/wiki/Selenia_Iacchelli;4;
Canada;Adriana Leon;22;FW;https://en.wikipedia.org/wiki/Adriana_Leon;33;
Canada;Marie-Ève Nault;33;DF;https://en.wikipedia.org/wiki/Marie-%C3%88ve_Nault;67;
Canada;Stephanie Labbé;28;GK;https://en.wikipedia.org/wiki/Stephanie_Labb%C3%A9;20;
Canada;Ashley Lawrence;19;MF;https://en.wikipedia.org/wiki/Ashley_Lawrence_(soccer);17;
Canada;Karina LeBlanc;35;GK;https://en.wikipedia.org/wiki/Karina_LeBlanc;110;
China PR;Zhang Yue;24;GK;https://en.wikipedia.org/wiki/Zhang_Yue_(footballer);48;
China PR;Liu Shanshan;23;DF;https://en.wikipedia.org/wiki/Liu_Shanshan;33;
China PR;Pang Fengyue;26;DF;https://en.wikipedia.org/wiki/Pang_Fengyue;50;
China PR;Li Jiayue;24;DF;https://en.wikipedia.org/wiki/Li_Jiayue;45;
China PR;Wu Haiyan;22;DF;https://en.wikipedia.org/wiki/Wu_Haiyan;50;
China PR;Li Dongna;26;DF;https://en.wikipedia.org/wiki/Li_Dongna;50;
China PR;Xu Yanlu;23;MF;https://en.wikipedia.org/wiki/Xu_Yanlu;27;
China PR;Ma Jun;26;MF;https://en.wikipedia.org/wiki/Ma_Jun_(footballer);50;
China PR;Wang Shanshan;25;DF;https://en.wikipedia.org/wiki/Wang_Shanshan;41;
China PR;Li Ying;22;FW;https://en.wikipedia.org/wiki/Li_Ying_(footballer);8;
China PR;Wang Shuang;20;MF;https://en.wikipedia.org/wiki/Wang_Shuang_(footballer);11;
China PR;Wang Fei;25;GK;https://en.wikipedia.org/wiki/Wang_Fei_(female_footballer);52;
China PR;Tang Jiali;20;MF;https://en.wikipedia.org/wiki/Tang_Jiali_(footballer);10;
China PR;Zhao Rong;23;FW;https://en.wikipedia.org/wiki/Zhao_Rong;14;
China PR;Lei Jiahui;19;MF;https://en.wikipedia.org/wiki/Lei_Jiahui;6;
China PR;Lou Jiahui;24;FW;https://en.wikipedia.org/wiki/Lou_Jiahui;45;
China PR;Gu Yasha;24;FW;https://en.wikipedia.org/wiki/Gu_Yasha;87;
China PR;Han Peng;25;MF;https://en.wikipedia.org/wiki/Han_Peng_(female_footballer);52;
China PR;Tan Ruyin;20;MF;https://en.wikipedia.org/wiki/Tan_Ruyin;8;
China PR;Zhang Rui;26;MF;https://en.wikipedia.org/wiki/Zhang_Rui_(footballer);60;
China PR;Wang Lisi;23;MF;https://en.wikipedia.org/wiki/Wang_Lisi;45;
China PR;Zhao Lina;23;GK;https://en.wikipedia.org/wiki/Zhao_Lina;0;
China PR;Ren Guixin;26;MF;https://en.wikipedia.org/wiki/Ren_Guixin;45;
Netherlands;Loes Geurts;29;GK;https://en.wikipedia.org/wiki/Loes_Geurts;103;
Netherlands;Desiree van Lunteren;22;MF;https://en.wikipedia.org/wiki/Desiree_van_Lunteren;21;
Netherlands;Stefanie van der Gragt;22;DF;https://en.wikipedia.org/wiki/Stefanie_van_der_Gragt;22;
Netherlands;Mandy van den Berg;24;DF;https://en.wikipedia.org/wiki/Mandy_van_den_Berg;57;
Netherlands;Petra Hogewoning;29;DF;https://en.wikipedia.org/wiki/Petra_Hogewoning;96;
Netherlands;Anouk Dekker;28;FW;https://en.wikipedia.org/wiki/Anouk_Dekker;38;
Netherlands;Manon Melis;28;FW;https://en.wikipedia.org/wiki/Manon_Melis;123;
Netherlands;Sherida Spitse;25;MF;https://en.wikipedia.org/wiki/Sherida_Spitse;104;
Netherlands;Vivianne Miedema;18;FW;https://en.wikipedia.org/wiki/Vivianne_Miedema;23;
Netherlands;Daniëlle van de Donk;23;MF;https://en.wikipedia.org/wiki/Dani%C3%ABlle_van_de_Donk;35;
Netherlands;Lieke Martens;22;MF;https://en.wikipedia.org/wiki/Lieke_Martens;49;
Netherlands;Dyanne Bito;33;DF;https://en.wikipedia.org/wiki/Dyanne_Bito;146;
Netherlands;Dominique Janssen;20;DF;https://en.wikipedia.org/wiki/Dominique_Janssen;6;
Netherlands;Anouk Hoogendijk;30;MF;https://en.wikipedia.org/wiki/Anouk_Hoogendijk;101;
Netherlands;Merel van Dongen;22;MF;https://en.wikipedia.org/wiki/Merel_van_Dongen;4;
Netherlands;Sari van Veenendaal;25;GK;https://en.wikipedia.org/wiki/Sari_van_Veenendaal;13;
Netherlands;Tessel Middag;22;MF;https://en.wikipedia.org/wiki/Tessel_Middag;24;
Netherlands;Maran van Erp;24;DF;https://en.wikipedia.org/wiki/Maran_van_Erp;1;
Netherlands;Kirsten van de Ven;30;FW;https://en.wikipedia.org/wiki/Kirsten_van_de_Ven;82;
Netherlands;Jill Roord;18;MF;https://en.wikipedia.org/wiki/Jill_Roord;5;
Netherlands;Vanity Lewerissa;24;MF;https://en.wikipedia.org/wiki/Vanity_Lewerissa;4;
Netherlands;Shanice van de Sanden;22;FW;https://en.wikipedia.org/wiki/Shanice_van_de_Sanden;15;
Netherlands;Angela Christ;26;GK;https://en.wikipedia.org/wiki/Angela_Christ;13;
New Zealand;Erin Nayler;23;GK;https://en.wikipedia.org/wiki/Erin_Nayler;28;
New Zealand;Ria Percival;25;DF;https://en.wikipedia.org/wiki/Ria_Percival;103;
New Zealand;Anna Green;24;DF;https://en.wikipedia.org/wiki/Anna_Green_(footballer);55;
New Zealand;Katie Hoyle;27;MF;https://en.wikipedia.org/wiki/Katie_Duncan;102;
New Zealand;Abby Erceg;25;DF;https://en.wikipedia.org/wiki/Abby_Erceg;113;
New Zealand;Rebekah Stott;21;DF;https://en.wikipedia.org/wiki/Rebekah_Stott;39;
New Zealand;Ali Riley;27;DF;https://en.wikipedia.org/wiki/Ali_Riley;92;
New Zealand;Jasmine Pereira;18;FW;https://en.wikipedia.org/wiki/Jasmine_Pereira;8;
New Zealand;Amber Hearn;30;FW;https://en.wikipedia.org/wiki/Amber_Hearn;99;
New Zealand;Sarah Gregorius;27;FW;https://en.wikipedia.org/wiki/Sarah_Gregorius;66;
New Zealand;Kirsty Yallop;28;MF;https://en.wikipedia.org/wiki/Kirsty_Yallop;89;
New Zealand;Betsy Hassett;24;MF;https://en.wikipedia.org/wiki/Betsy_Hassett;79;
New Zealand;Rosie White;22;FW;https://en.wikipedia.org/wiki/Rosie_White;69;
New Zealand;Katie Bowen;21;MF;https://en.wikipedia.org/wiki/Katie_Bowen;26;
New Zealand;Meikayla Moore;19;DF;https://en.wikipedia.org/wiki/Meikayla_Moore;10;
New Zealand;Annalie Longo;23;MF;https://en.wikipedia.org/wiki/Annalie_Longo;78;
New Zealand;Hannah Wilkinson;23;FW;https://en.wikipedia.org/wiki/Hannah_Wilkinson;69;
New Zealand;Catherine Bott;20;DF;https://en.wikipedia.org/wiki/Catherine_Bott_(footballer);1;
New Zealand;Evie Millynn;20;MF;https://en.wikipedia.org/wiki/Evie_Millynn;2;
New Zealand;Daisy Cleverley;18;MF;https://en.wikipedia.org/wiki/Daisy_Cleverley;3;
New Zealand;Rebecca Rolls;39;GK;https://en.wikipedia.org/wiki/Rebecca_Rolls;21;
New Zealand;Emma Kete;27;FW;https://en.wikipedia.org/wiki/Emma_Kete;48;
New Zealand;Cushla Lichtwark;34;GK;https://en.wikipedia.org/wiki/Cushla_Lichtwark;0;
Germany;Nadine Angerer;36;GK;https://en.wikipedia.org/wiki/Nadine_Angerer;139;
Germany;Bianca Schmidt;25;DF;https://en.wikipedia.org/wiki/Bianca_Schmidt;48;
Germany;Saskia Bartusiak;32;DF;https://en.wikipedia.org/wiki/Saskia_Bartusiak;80;
Germany;Leonie Maier;22;DF;https://en.wikipedia.org/wiki/Leonie_Maier;25;
Germany;Annike Krahn;29;DF;https://en.wikipedia.org/wiki/Annike_Krahn;117;
Germany;Simone Laudehr;28;MF;https://en.wikipedia.org/wiki/Simone_Laudehr;88;
Germany;Melanie Behringer;29;MF;https://en.wikipedia.org/wiki/Melanie_Behringer;104;
Germany;Pauline Bremer;19;FW;https://en.wikipedia.org/wiki/Pauline_Bremer;5;
Germany;Lena Lotzen;21;FW;https://en.wikipedia.org/wiki/Lena_Lotzen;22;
Germany;Dzsenifer Marozsán;23;MF;https://en.wikipedia.org/wiki/Dzsenifer_Marozs%C3%A1n;48;
Germany;Anja Mittag;30;FW;https://en.wikipedia.org/wiki/Anja_Mittag;120;
Germany;Almuth Schult;24;GK;https://en.wikipedia.org/wiki/Almuth_Schult;20;
Germany;Célia Šašić;26;FW;https://en.wikipedia.org/wiki/C%C3%A9lia_%C5%A0a%C5%A1i%C4%87;104;
Germany;Babett Peter;27;DF;https://en.wikipedia.org/wiki/Babett_Peter;89;
Germany;Jennifer Cramer;22;DF;https://en.wikipedia.org/wiki/Jennifer_Cramer;21;
Germany;Melanie Leupolz;21;MF;https://en.wikipedia.org/wiki/Melanie_Leupolz;28;
Germany;Josephine Henning;25;DF;https://en.wikipedia.org/wiki/Josephine_Henning;25;
Germany;Alexandra Popp;24;FW;https://en.wikipedia.org/wiki/Alexandra_Popp;54;
Germany;Lena Petermann;21;FW;https://en.wikipedia.org/wiki/Lena_Petermann;2;
Germany;Lena Goeßling;29;MF;https://en.wikipedia.org/wiki/Lena_Goe%C3%9Fling;72;
Germany;Laura Benkarth;22;GK;https://en.wikipedia.org/wiki/Laura_Benkarth;0;
Germany;Tabea Kemme;23;DF;https://en.wikipedia.org/wiki/Tabea_Kemme;13;
Germany;Sara Däbritz;20;MF;https://en.wikipedia.org/wiki/Sara_D%C3%A4britz;16;
Ivory Coast;Lydie Saki;30;GK;https://en.wikipedia.org/wiki/Lydie_Saki;27;
Ivory Coast;Fatou Coulibaly;28;DF;https://en.wikipedia.org/wiki/Fatou_Coulibaly;31;
Ivory Coast;Djelika Coulibaly;31;DF;https://en.wikipedia.org/wiki/Djelika_Coulibaly;29;
Ivory Coast;Nina Kpaho;18;DF;https://en.wikipedia.org/wiki/Nina_Kpaho;12;
Ivory Coast;Mariam Diakité;20;DF;https://en.wikipedia.org/wiki/Mariam_Diakit%C3%A9;12;
Ivory Coast;Rita Akaffou;28;MF;https://en.wikipedia.org/wiki/Rita_Akaffou;33;
Ivory Coast;Nadege Essoh;25;FW;https://en.wikipedia.org/wiki/Nadege_Essoh;29;
Ivory Coast;Ines Nrehy;21;FW;https://en.wikipedia.org/wiki/Ines_Nrehy;17;
Ivory Coast;Sandrine Niamien;20;FW;https://en.wikipedia.org/wiki/Sandrine_Niamien;2;
Ivory Coast;Ange N'Guessan;24;FW;https://en.wikipedia.org/wiki/Ange_N%27Guessan;19;
Ivory Coast;Rebecca Elloh;20;FW;https://en.wikipedia.org/wiki/Rebecca_Elloh;15;
Ivory Coast;Ida Guehai;20;MF;https://en.wikipedia.org/wiki/Ida_Guehai;22;
Ivory Coast;Fernande Tchetche;26;DF;https://en.wikipedia.org/wiki/Fernande_Tchetche;19;
Ivory Coast;Josée Nahi;26;FW;https://en.wikipedia.org/wiki/Jos%C3%A9e_Nahi;18;
Ivory Coast;Christine Lohoues;22;MF;https://en.wikipedia.org/wiki/Christine_Lohoues;22;
Ivory Coast;Dominique Thiamale;33;GK;https://en.wikipedia.org/wiki/Dominique_Thiamale;27;
Ivory Coast;Nadège Cissé;18;FW;https://en.wikipedia.org/wiki/Nad%C3%A8ge_Ciss%C3%A9;6;
Ivory Coast;Binta Diakité;27;MF;https://en.wikipedia.org/wiki/Binta_Diakit%C3%A9;20;
Ivory Coast;Jessica Aby;16;MF;https://en.wikipedia.org/wiki/Jessica_Aby;1;
Ivory Coast;Aminata Haidara;18;MF;https://en.wikipedia.org/wiki/Aminata_Haidara;4;
Ivory Coast;Sophie Aguie;18;DF;https://en.wikipedia.org/wiki/Sophie_Aguie;4;
Ivory Coast;Raymonde Kacou;28;DF;https://en.wikipedia.org/wiki/Raymonde_Kacou;6;
Ivory Coast;Cynthia Djohore;27;GK;https://en.wikipedia.org/wiki/Cynthia_Djohore;27;
Norway;Ingrid Hjelmseth;35;GK;https://en.wikipedia.org/wiki/Ingrid_Hjelmseth;92;
Norway;Maria Thorisdottir;22;DF;https://en.wikipedia.org/wiki/Maria_Thorisdottir;5;
Norway;Marita Skammelsrud Lund;26;DF;https://en.wikipedia.org/wiki/Marita_Skammelsrud_Lund;62;
Norway;Gry Tofte Ims;29;MF;https://en.wikipedia.org/wiki/Gry_Tofte_Ims;42;
Norway;Lisa-Marie Karlseng Utland;22;FW;https://en.wikipedia.org/wiki/Lisa-Marie_Karlseng_Utland;1;
Norway;Maren Mjelde;25;MF;https://en.wikipedia.org/wiki/Maren_Mjelde;87;
Norway;Trine Rønning;32;DF;https://en.wikipedia.org/wiki/Trine_R%C3%B8nning;153;
Norway;Solveig Gulbrandsen;34;MF;https://en.wikipedia.org/wiki/Solveig_Gulbrandsen;179;
Norway;Isabell Herlovsen;26;FW;https://en.wikipedia.org/wiki/Isabell_Herlovsen;100;
Norway;Anja Sønstevold;22;MF;https://en.wikipedia.org/wiki/Anja_S%C3%B8nstevold;3;
Norway;Nora Holstad Berge;28;DF;https://en.wikipedia.org/wiki/Nora_Holstad_Berge;46;
Norway;Silje Vesterbekkmo;31;GK;https://en.wikipedia.org/wiki/Silje_Vesterbekkmo;8;
Norway;Ingrid Moe Wold;25;DF;https://en.wikipedia.org/wiki/Ingrid_Moe_Wold;10;
Norway;Ingrid Schjelderup;27;MF;https://en.wikipedia.org/wiki/Ingrid_Schjelderup_(footballer);9;
Norway;Marit Sandvei;28;DF;https://en.wikipedia.org/wiki/Marit_Sandvei;7;
Norway;Elise Thorsnes;26;FW;https://en.wikipedia.org/wiki/Elise_Thorsnes;81;
Norway;Lene Mykjåland;28;MF;https://en.wikipedia.org/wiki/Lene_Mykj%C3%A5land;78;
Norway;Melissa Bjånesøy;23;FW;https://en.wikipedia.org/wiki/Melissa_Bj%C3%A5nes%C3%B8y;20;
Norway;Kristine Minde;22;MF;https://en.wikipedia.org/wiki/Kristine_Minde;47;
Norway;Emilie Haavi;22;FW;https://en.wikipedia.org/wiki/Emilie_Haavi;40;
Norway;Ada Hegerberg;19;FW;https://en.wikipedia.org/wiki/Ada_Hegerberg;34;
Norway;Hege Hansen;24;FW;https://en.wikipedia.org/wiki/Hege_Hansen;9;
Norway;Cecilie Fiskerstrand;19;GK;https://en.wikipedia.org/wiki/Cecilie_Fiskerstrand;3;
Thailand;Waraporn Boonsing;25;GK;https://en.wikipedia.org/wiki/Waraporn_Boonsing;84;
Thailand;Darut Changplook;27;DF;https://en.wikipedia.org/wiki/Darut_Changplook;20;
Thailand;Natthakarn Chinwong;23;DF;https://en.wikipedia.org/wiki/Natthakarn_Chinwong;8;
Thailand;Duangnapa Sritala;29;DF;https://en.wikipedia.org/wiki/Duangnapa_Sritala;22;
Thailand;Ainon Phancha;23;DF;https://en.wikipedia.org/wiki/Ainon_Phancha;7;
Thailand;Pikul Khueanpet;26;MF;https://en.wikipedia.org/wiki/Pikul_Khueanpet;41;
Thailand;Silawan Intamee;21;MF;https://en.wikipedia.org/wiki/Silawan_Intamee;11;
Thailand;Naphat Seesraum;28;MF;https://en.wikipedia.org/wiki/Naphat_Seesraum;83;
Thailand;Warunee Phetwiset;24;DF;https://en.wikipedia.org/wiki/Warunee_Phetwiset;41;
Thailand;Sunisa Srangthaisong;27;DF;https://en.wikipedia.org/wiki/Sunisa_Srangthaisong;24;
Thailand;Alisa Rukpinij;20;FW;https://en.wikipedia.org/wiki/Alisa_Rukpinij;3;
Thailand;Rattikan Thongsombut;23;MF;https://en.wikipedia.org/wiki/Rattikan_Thongsombut;18;
Thailand;Orathai Srimanee;26;FW;https://en.wikipedia.org/wiki/Orathai_Srimanee;5;
Thailand;Thanatta Chawong;25;FW;https://en.wikipedia.org/wiki/Thanatta_Chawong;66;
Thailand;Irravadee Makris;23;FW;https://en.wikipedia.org/w/index.php?title=Irravadee_Makris&action=edit&redlink=1;0;
Thailand;Khwanruedi Saengchan;21;DF;https://en.wikipedia.org/wiki/Khwanruedi_Saengchan;20;
Thailand;Anootsara Maijarern;29;MF;https://en.wikipedia.org/wiki/Anootsara_Maijarern;80;
Thailand;Yada Sengyong;21;GK;https://en.wikipedia.org/wiki/Yada_Sengyong;3;
Thailand;Taneekarn Dangda;22;FW;https://en.wikipedia.org/wiki/Taneekarn_Dangda;16;
Thailand;Wilaiporn Boothduang;27;MF;https://en.wikipedia.org/wiki/Wilaiporn_Boothduang;45;
Thailand;Kanjana Sungngoen;28;MF;https://en.wikipedia.org/wiki/Kanjana_Sungngoen;44;
Thailand;Sukanya Chor Charoenying;27;GK;https://en.wikipedia.org/wiki/Sukanya_Chor_Charoenying;8;
Thailand;Nisa Romyen;25;FW;https://en.wikipedia.org/wiki/Nisa_Romyen;47;
Cameroon;Annette Ngo Ndom;30;GK;https://en.wikipedia.org/wiki/Annette_Ngo_Ndom;40;
Cameroon;Christine Manie;31;DF;https://en.wikipedia.org/wiki/Christine_Manie;59;
Cameroon;Ajara Nchout;22;FW;https://en.wikipedia.org/wiki/Ajara_Nchout;39;
Cameroon;Yvonne Leuko;23;DF;https://en.wikipedia.org/wiki/Yvonne_Leuko;23;
Cameroon;Augustine Ejangue;26;DF;https://en.wikipedia.org/wiki/Augustine_Ejangue;56;
Cameroon;Francine Zouga;27;FW;https://en.wikipedia.org/wiki/Francine_Zouga;52;
Cameroon;Gabrielle Onguene;26;FW;https://en.wikipedia.org/wiki/Gabrielle_Onguene;49;
Cameroon;Raissa Feudjio;19;MF;https://en.wikipedia.org/wiki/Raissa_Feudjio;40;
Cameroon;Madeleine Ngono;31;FW;https://en.wikipedia.org/wiki/Madeleine_Ngono;72;
Cameroon;Jeannette Yango;21;FW;https://en.wikipedia.org/wiki/Jeannette_Yango;31;
Cameroon;Aurelle Awona;22;DF;https://en.wikipedia.org/wiki/Aurelle_Awona;2;
Cameroon;Claudine Meffometou;24;DF;https://en.wikipedia.org/wiki/Claudine_Meffometou;21;
Cameroon;Cathy Bou Ndjouh;27;DF;https://en.wikipedia.org/wiki/Cathy_Bou_Ndjouh;52;
Cameroon;Ninon Abena;20;MF;https://en.wikipedia.org/wiki/Ninon_Abena;3;
Cameroon;Ysis Sonkeng;25;DF;https://en.wikipedia.org/wiki/Ysis_Sonkeng;42;
Cameroon;Thècle Mbororo;25;GK;https://en.wikipedia.org/wiki/Th%C3%A8cle_Mbororo;5;
Cameroon;Gaëlle Enganamouit;22;FW;https://en.wikipedia.org/wiki/Ga%C3%ABlle_Enganamouit;39;
Cameroon;Henriette Akaba;22;MF;https://en.wikipedia.org/wiki/Henriette_Akaba;31;
Cameroon;Agathe Ngani;23;MF;https://en.wikipedia.org/wiki/Agathe_Ngani;3;
Cameroon;Genevieve Ngo;22;MF;https://en.wikipedia.org/wiki/Genevieve_Ngo;6;
Cameroon;Rose Bella;21;FW;https://en.wikipedia.org/wiki/Rose_Bella;7;
Cameroon;Rita Wanki Awachwi;21;DF;https://en.wikipedia.org/wiki/Rita_Wanki_Awachwi;5;
Cameroon;Flore Enyegue;23;GK;https://en.wikipedia.org/wiki/Flore_Enyegue;9;
Ecuador;Shirley Berruz;24;GK;https://en.wikipedia.org/wiki/Shirley_Berruz;25;
Ecuador;Katherine Ortíz;24;DF;https://en.wikipedia.org/wiki/Katherine_Ort%C3%ADz;23;
Ecuador;Nancy Aguilar;29;DF;https://en.wikipedia.org/wiki/Nancy_Aguilar;46;
Ecuador;Merly Zambrano;33;DF;https://en.wikipedia.org/wiki/Merly_Zambrano;11;
Ecuador;Mayra Olvera;22;MF;https://en.wikipedia.org/wiki/Mayra_Olvera;33;
Ecuador;Angie Ponce;18;DF;https://en.wikipedia.org/wiki/Angie_Ponce;28;
Ecuador;Ingrid Rodríguez;23;DF;https://en.wikipedia.org/wiki/Ingrid_Rodr%C3%ADguez;34;
Ecuador;Erika Vásquez;22;MF;https://en.wikipedia.org/wiki/Erika_V%C3%A1squez;32;
Ecuador;Giannina Lattanzio;22;FW;https://en.wikipedia.org/wiki/Giannina_Lattanzio;13;
Ecuador;Ámbar Torres;20;FW;https://en.wikipedia.org/wiki/%C3%81mbar_Torres;23;
Ecuador;Mónica Quinteros;26;FW;https://en.wikipedia.org/wiki/M%C3%B3nica_Quinteros;42;
Ecuador;Irene Tobar;26;GK;https://en.wikipedia.org/wiki/Irene_Tobar;10;
Ecuador;Madelin Riera;25;MF;https://en.wikipedia.org/wiki/Madelin_Riera;32;
Ecuador;Carina Caicedo;27;FW;https://en.wikipedia.org/wiki/Carina_Caicedo;8;
Ecuador;Ana Palacios;24;MF;https://en.wikipedia.org/wiki/Ana_Palacios_(footballer);30;
Ecuador;Ligia Moreira;23;DF;https://en.wikipedia.org/wiki/Ligia_Moreira;44;
Ecuador;Alexandra Salvador;19;MF;https://en.wikipedia.org/wiki/Alexandra_Salvador;13;
Ecuador;Adriana Barré;20;MF;https://en.wikipedia.org/wiki/Adriana_Barr%C3%A9;23;
Ecuador;Kerlly Real;16;MF;https://en.wikipedia.org/wiki/Kerlly_Real;24;
Ecuador;Denise Pesántes;27;FW;https://en.wikipedia.org/wiki/Denise_Pes%C3%A1ntes;32;
Ecuador;Mabel Velarde;26;MF;https://en.wikipedia.org/wiki/Mabel_Velarde;13;
Ecuador;Andrea Vera;22;GK;https://en.wikipedia.org/wiki/Andrea_Vera;2;
Ecuador;Mariela Jácome;19;FW;https://en.wikipedia.org/wiki/Mariela_J%C3%A1come;1;
Japan;Miho Fukumoto;31;GK;https://en.wikipedia.org/wiki/Miho_Fukumoto;77;
Japan;Yukari Kinga;31;DF;https://en.wikipedia.org/wiki/Yukari_Kinga;94;
Japan;Azusa Iwashimizu;28;DF;https://en.wikipedia.org/wiki/Azusa_Iwashimizu;111;
Japan;Saki Kumagai;24;DF;https://en.wikipedia.org/wiki/Saki_Kumagai;65;
Japan;Aya Sameshima;27;DF;https://en.wikipedia.org/wiki/Aya_Sameshima;60;
Japan;Mizuho Sakaguchi;27;MF;https://en.wikipedia.org/wiki/Mizuho_Sakaguchi;89;
Japan;Kozue Ando;32;MF;https://en.wikipedia.org/wiki/Kozue_Ando;123;
Japan;Aya Miyama;30;MF;https://en.wikipedia.org/wiki/Aya_Miyama;147;
Japan;Nahomi Kawasumi;29;MF;https://en.wikipedia.org/wiki/Nahomi_Kawasumi;70;
Japan;Homare Sawa;36;MF;https://en.wikipedia.org/wiki/Homare_Sawa;197;
Japan;Shinobu Ohno;31;FW;https://en.wikipedia.org/wiki/Shinobu_Ohno;128;
Japan;Megumi Kamionobe;29;DF;https://en.wikipedia.org/wiki/Megumi_Kamionobe;29;
Japan;Rumi Utsugi;26;MF;https://en.wikipedia.org/wiki/Rumi_Utsugi;78;
Japan;Asuna Tanaka;27;MF;https://en.wikipedia.org/wiki/Asuna_Tanaka;33;
Japan;Yuika Sugasawa;24;FW;https://en.wikipedia.org/wiki/Yuika_Sugasawa;28;
Japan;Mana Iwabuchi;22;FW;https://en.wikipedia.org/wiki/Mana_Iwabuchi;25;
Japan;Yūki Ōgimi;27;FW;https://en.wikipedia.org/wiki/Y%C5%ABki_%C5%8Cgimi;115;
Japan;Ayumi Kaihori;28;GK;https://en.wikipedia.org/wiki/Ayumi_Kaihori;47;
Japan;Saori Ariyoshi;27;DF;https://en.wikipedia.org/wiki/Saori_Ariyoshi;34;
Japan;Yuri Kawamura;26;DF;https://en.wikipedia.org/wiki/Yuri_Kawamura;13;
Japan;Erina Yamane;24;GK;https://en.wikipedia.org/wiki/Erina_Yamane;14;
Japan;Asano Nagasato;26;MF;https://en.wikipedia.org/wiki/Asano_Nagasato;10;
Japan;Kana Kitahara;26;DF;https://en.wikipedia.org/wiki/Kana_Kitahara;14;
Switzerland;Gaëlle Thalmann;29;GK;https://en.wikipedia.org/wiki/Ga%C3%ABlle_Thalmann;36;
Switzerland;Nicole Remund;25;DF;https://en.wikipedia.org/wiki/Nicole_Remund;42;
Switzerland;Sandra Betschart;26;DF;https://en.wikipedia.org/wiki/Sandra_Betschart;66;
Switzerland;Rachel Rinast;24;DF;https://en.wikipedia.org/wiki/Rachel_Rinast;6;
Switzerland;Noëlle Maritz;19;DF;https://en.wikipedia.org/wiki/No%C3%ABlle_Maritz;29;
Switzerland;Selina Kuster;23;DF;https://en.wikipedia.org/wiki/Selina_Kuster;59;
Switzerland;Martina Moser;29;MF;https://en.wikipedia.org/wiki/Martina_Moser;105;
Switzerland;Cinzia Zehnder;17;MF;https://en.wikipedia.org/wiki/Cinzia_Zehnder;6;
Switzerland;Lia Wälti;21;MF;https://en.wikipedia.org/wiki/Lia_W%C3%A4lti;42;
Switzerland;Ramona Bachmann;24;FW;https://en.wikipedia.org/wiki/Ramona_Bachmann;61;
Switzerland;Lara Dickenmann;29;FW;https://en.wikipedia.org/wiki/Lara_Dickenmann;99;
Switzerland;Stenia Michel;27;GK;https://en.wikipedia.org/wiki/Stenia_Michel;11;
Switzerland;Ana-Maria Crnogorčević;24;FW;https://en.wikipedia.org/wiki/Ana-Maria_Crnogor%C4%8Devi%C4%87;69;
Switzerland;Rahel Kiwic;24;DF;https://en.wikipedia.org/wiki/Rahel_Kiwic;28;
Switzerland;Caroline Abbé;27;DF;https://en.wikipedia.org/wiki/Caroline_Abb%C3%A9;105;
Switzerland;Fabienne Humm;28;MF;https://en.wikipedia.org/wiki/Fabienne_Humm;35;
Switzerland;Florijana Ismaili;20;MF;https://en.wikipedia.org/wiki/Florijana_Ismaili;10;
Switzerland;Vanessa Bürki;29;MF;https://en.wikipedia.org/wiki/Vanessa_B%C3%BCrki;68;
Switzerland;Eseosa Aigbogun;22;FW;https://en.wikipedia.org/wiki/Eseosa_Aigbogun;19;
Switzerland;Daniela Schwarz;29;DF;https://en.wikipedia.org/wiki/Daniela_Schwarz;23;
Switzerland;Jennifer Oehrli;26;GK;https://en.wikipedia.org/wiki/Jennifer_Oehrli;15;
Switzerland;Vanessa Bernauer;27;MF;https://en.wikipedia.org/wiki/Vanessa_Bernauer;50;
Switzerland;Barla Deplazes;19;FW;https://en.wikipedia.org/wiki/Barla_Deplazes;1;
Australia;Lydia Williams;27;GK;https://en.wikipedia.org/wiki/Lydia_Williams;40;
Australia;Larissa Crummer;19;FW;https://en.wikipedia.org/wiki/Larissa_Crummer;4;
Australia;Ashleigh Sykes;23;FW;https://en.wikipedia.org/wiki/Ashleigh_Sykes;12;
Australia;Clare Polkinghorne;26;DF;https://en.wikipedia.org/wiki/Clare_Polkinghorne;78;
Australia;Laura Alleway;25;DF;https://en.wikipedia.org/wiki/Laura_Alleway;30;
Australia;Servet Uzunlar;26;DF;https://en.wikipedia.org/wiki/Servet_Uzunlar;45;
Australia;Steph Catley;21;DF;https://en.wikipedia.org/wiki/Steph_Catley;32;
Australia;Elise Kellond-Knight;24;DF;https://en.wikipedia.org/wiki/Elise_Kellond-Knight;55;
Australia;Caitlin Foord;20;FW;https://en.wikipedia.org/wiki/Caitlin_Foord;28;
Australia;Emily van Egmond;21;MF;https://en.wikipedia.org/wiki/Emily_van_Egmond;39;
Australia;Lisa De Vanna;30;FW;https://en.wikipedia.org/wiki/Lisa_De_Vanna;97;
Australia;Leena Khamis;28;FW;https://en.wikipedia.org/wiki/Leena_Khamis;23;
Australia;Tameka Butt;23;MF;https://en.wikipedia.org/wiki/Tameka_Butt;45;
Australia;Alanna Kennedy;20;MF;https://en.wikipedia.org/wiki/Alanna_Kennedy;27;
Australia;Teresa Polias;25;MF;https://en.wikipedia.org/wiki/Teresa_Polias;8;
Australia;Hayley Raso;20;FW;https://en.wikipedia.org/wiki/Hayley_Raso;12;
Australia;Kyah Simon;23;FW;https://en.wikipedia.org/wiki/Kyah_Simon;49;
Australia;Melissa Barbieri;35;GK;https://en.wikipedia.org/wiki/Melissa_Barbieri;84;
Australia;Katrina Gorry;22;MF;https://en.wikipedia.org/wiki/Katrina_Gorry;29;
Australia;Samantha Kerr;21;FW;https://en.wikipedia.org/wiki/Samantha_Kerr;36;
Australia;Mackenzie Arnold;21;GK;https://en.wikipedia.org/wiki/Mackenzie_Arnold;6;
Australia;Nicola Bolger;22;MF;https://en.wikipedia.org/wiki/Nicola_Bolger;5;
Australia;Michelle Heyman;26;FW;https://en.wikipedia.org/wiki/Michelle_Heyman;33;
Nigeria;Precious Dede;35;GK;https://en.wikipedia.org/wiki/Precious_Dede;96;
Nigeria;Blessing Edoho;22;DF;https://en.wikipedia.org/wiki/Blessing_Edoho;4;
Nigeria;Osinachi Ohale;23;DF;https://en.wikipedia.org/wiki/Osinachi_Ohale;24;
Nigeria;Perpetua Nkwocha;39;FW;https://en.wikipedia.org/wiki/Perpetua_Nkwocha;98;
Nigeria;Onome Ebi;32;DF;https://en.wikipedia.org/wiki/Onome_Ebi;48;
Nigeria;Josephine Chukwunonye;23;DF;https://en.wikipedia.org/wiki/Josephine_Chukwunonye;22;
Nigeria;Esther Sunday;23;FW;https://en.wikipedia.org/wiki/Esther_Sunday;23;
Nigeria;Asisat Oshoala;20;FW;https://en.wikipedia.org/wiki/Asisat_Oshoala;14;
Nigeria;Desire Oparanozie;21;FW;https://en.wikipedia.org/wiki/Desire_Oparanozie;32;
Nigeria;Courtney Dike;20;FW;https://en.wikipedia.org/wiki/Courtney_Dike;0;
Nigeria;Iniabasi Umotong;21;FW;https://en.wikipedia.org/wiki/Iniabasi_Umotong;0;
Nigeria;Halimatu Ayinde;20;MF;https://en.wikipedia.org/wiki/Halimatu_Ayinde;9;
Nigeria;Ngozi Okobi;21;MF;https://en.wikipedia.org/wiki/Ngozi_Okobi;22;
Nigeria;Evelyn Nwabuoku;29;MF;https://en.wikipedia.org/wiki/Evelyn_Nwabuoku;39;
Nigeria;Ugo Njoku;20;DF;https://en.wikipedia.org/wiki/Ugo_Njoku;6;
Nigeria;Ibubeleye Whyte;23;GK;https://en.wikipedia.org/wiki/Ibubeleye_Whyte;6;
Nigeria;Francisca Ordega;21;FW;https://en.wikipedia.org/wiki/Francisca_Ordega;23;
Nigeria;Loveth Ayila;20;FW;https://en.wikipedia.org/wiki/Loveth_Ayila;3;
Nigeria;Martina Ohadugha;24;MF;https://en.wikipedia.org/wiki/Martina_Ohadugha;35;
Nigeria;Cecilia Nku;22;MF;https://en.wikipedia.org/wiki/Cecilia_Nku;8;
Nigeria;Christy Ohiaeriaku;18;GK;https://en.wikipedia.org/wiki/Christy_Ohiaeriaku;0;
Nigeria;Sarah Nnodim;19;DF;https://en.wikipedia.org/wiki/Sarah_Nnodim;1;
Nigeria;Ngozi Ebere;23;DF;https://en.wikipedia.org/wiki/Ngozi_Ebere;17;
Sweden;Hedvig Lindahl;32;GK;https://en.wikipedia.org/wiki/Hedvig_Lindahl;107;
Sweden;Charlotte Rohlin;34;DF;https://en.wikipedia.org/wiki/Charlotte_Rohlin;77;
Sweden;Linda Sembrant;28;DF;https://en.wikipedia.org/wiki/Linda_Sembrant;55;
Sweden;Emma Berglund;26;DF;https://en.wikipedia.org/wiki/Emma_Berglund;35;
Sweden;Nilla Fischer;30;DF;https://en.wikipedia.org/wiki/Nilla_Fischer;130;
Sweden;Sara Thunebro;36;DF;https://en.wikipedia.org/wiki/Sara_Thunebro;131;
Sweden;Lisa Dahlkvist;28;MF;https://en.wikipedia.org/wiki/Lisa_Dahlkvist;95;
Sweden;Lotta Schelin;31;FW;https://en.wikipedia.org/wiki/Lotta_Schelin;149;
Sweden;Kosovare Asllani;25;FW;https://en.wikipedia.org/wiki/Kosovare_Asllani;76;
Sweden;Sofia Jakobsson;25;FW;https://en.wikipedia.org/wiki/Sofia_Jakobsson;56;
Sweden;Jenny Hjohlman;25;FW;https://en.wikipedia.org/wiki/Jenny_Hjohlman;12;
Sweden;Hilda Carlén;23;GK;https://en.wikipedia.org/wiki/Hilda_Carl%C3%A9n;1;
Sweden;Malin Diaz;21;MF;https://en.wikipedia.org/wiki/Malin_Diaz;11;
Sweden;Amanda Ilestedt;22;DF;https://en.wikipedia.org/wiki/Amanda_Ilestedt;6;
Sweden;Therese Sjögran;38;MF;https://en.wikipedia.org/wiki/Therese_Sj%C3%B6gran;209;
Sweden;Lina Nilsson;27;DF;https://en.wikipedia.org/wiki/Lina_Nilsson;64;
Sweden;Caroline Seger;30;MF;https://en.wikipedia.org/wiki/Caroline_Seger;137;
Sweden;Jessica Samuelsson;22;DF;https://en.wikipedia.org/wiki/Jessica_Samuelsson_(footballer);21;
Sweden;Emma Lundh;25;FW;https://en.wikipedia.org/wiki/Emma_Lundh;11;
Sweden;Emilia Appelqvist;25;MF;https://en.wikipedia.org/wiki/Emilia_Appelqvist;4;
Sweden;Carola Söberg;32;GK;https://en.wikipedia.org/wiki/Carola_S%C3%B6berg;11;
Sweden;Olivia Schough;24;MF;https://en.wikipedia.org/wiki/Olivia_Schough;22;
Sweden;Elin Rubensson;22;DF;https://en.wikipedia.org/wiki/Elin_Rubensson;18;
United States;Hope Solo;33;GK;https://en.wikipedia.org/wiki/Hope_Solo;170;
United States;Sydney Leroux;25;FW;https://en.wikipedia.org/wiki/Sydney_Leroux;71;
United States;Christie Rampone;39;DF;https://en.wikipedia.org/wiki/Christie_Rampone;306;
United States;Becky Sauerbrunn;30;DF;https://en.wikipedia.org/wiki/Becky_Sauerbrunn;81;
United States;Kelley O'Hara;26;DF;https://en.wikipedia.org/wiki/Kelley_O%27Hara;60;
United States;Whitney Engen;27;DF;https://en.wikipedia.org/wiki/Whitney_Engen;26;
United States;Shannon Boxx;37;MF;https://en.wikipedia.org/wiki/Shannon_Boxx;190;
United States;Amy Rodriguez;28;FW;https://en.wikipedia.org/wiki/Amy_Rodriguez;123;
United States;Heather O'Reilly;30;MF;https://en.wikipedia.org/wiki/Heather_O%27Reilly;219;
United States;Carli Lloyd;32;MF;https://en.wikipedia.org/wiki/Carli_Lloyd;195;
United States;Ali Krieger;30;DF;https://en.wikipedia.org/wiki/Ali_Krieger;66;
United States;Lauren Holiday;27;MF;https://en.wikipedia.org/wiki/Lauren_Holiday;124;
United States;Alex Morgan;25;FW;https://en.wikipedia.org/wiki/Alex_Morgan;84;
United States;Morgan Brian;22;MF;https://en.wikipedia.org/wiki/Morgan_Brian;29;
United States;Megan Rapinoe;29;MF;https://en.wikipedia.org/wiki/Megan_Rapinoe;102;
United States;Lori Chalupny;31;DF;https://en.wikipedia.org/wiki/Lori_Chalupny;102;
United States;Tobin Heath;27;MF;https://en.wikipedia.org/wiki/Tobin_Heath;92;
United States;Ashlyn Harris;29;GK;https://en.wikipedia.org/wiki/Ashlyn_Harris;6;
United States;Julie Johnston;23;DF;https://en.wikipedia.org/wiki/Julie_Johnston;12;
United States;Abby Wambach;35;FW;https://en.wikipedia.org/wiki/Abby_Wambach;242;
United States;Alyssa Naeher;27;GK;https://en.wikipedia.org/wiki/Alyssa_Naeher;1;
United States;Meghan Klingenberg;26;DF;https://en.wikipedia.org/wiki/Meghan_Klingenberg;34;
United States;Christen Press;26;FW;https://en.wikipedia.org/wiki/Christen_Press;45;
Brazil;Luciana;27;GK;https://en.wikipedia.org/wiki/Luciana_Maria_Dionizio;33;
Brazil;Fabiana;25;DF;https://en.wikipedia.org/wiki/Fabiana_da_Silva_Sim%C3%B5es;53;
Brazil;Monica;28;DF;https://en.wikipedia.org/wiki/Monica_Hickmann_Alves;21;
Brazil;Rafinha;26;FW;https://en.wikipedia.org/wiki/Rafaela_de_Miranda_Traval%C3%A3o;0;
Brazil;Andressinha;20;MF;https://en.wikipedia.org/wiki/Andressa_Cavalari_Machry;17;
Brazil;Tamires;27;DF;https://en.wikipedia.org/wiki/Tamires_C%C3%A1ssia_Dias_Gomes;31;
Brazil;Bia;21;MF;https://en.wikipedia.org/wiki/Beatriz_Zaneratto_Jo%C3%A3o;16;
Brazil;Thaisa;26;MF;https://en.wikipedia.org/wiki/Thaisa;26;
Brazil;Andressa;22;MF;https://en.wikipedia.org/wiki/Andressa_Alves_da_Silva;36;
Brazil;Marta;29;MF;https://en.wikipedia.org/wiki/Marta_(footballer);92;
Brazil;Cristiane;30;FW;https://en.wikipedia.org/wiki/Cristiane;106;
Brazil;Bárbara;27;GK;https://en.wikipedia.org/wiki/B%C3%A1rbara_Micheline_do_Monte_Barbosa;22;
Brazil;Poliana;24;DF;https://en.wikipedia.org/wiki/Poliana_Barbosa_Medeiros;32;
Brazil;Géssica;24;DF;https://en.wikipedia.org/wiki/G%C3%A9ssica_do_Nascimento;0;
Brazil;Tayla;23;DF;https://en.wikipedia.org/wiki/Tayla_Pereira_dos_Santos;31;
Brazil;Rafaelle;23;DF;https://en.wikipedia.org/wiki/Rafaelle_Souza;3;
Brazil;Rosana;32;FW;https://en.wikipedia.org/wiki/Rosana_dos_Santos_Augusto;111;
Brazil;Raquel;24;FW;https://en.wikipedia.org/wiki/Raquel_Fernandes;18;
Brazil;Maurine;29;MF;https://en.wikipedia.org/wiki/Maurine_Dornelles_Gon%C3%A7alves;56;
Brazil;Formiga;37;MF;https://en.wikipedia.org/wiki/Formiga_(footballer);131;
Brazil;Gabi Zanotti;30;MF;https://en.wikipedia.org/wiki/Gabi_Zanotti;20;
Brazil;Darlene;25;MF;https://en.wikipedia.org/wiki/Darlene_de_Souza;31;
Brazil;Letícia Izidoro;20;GK;https://en.wikipedia.org/wiki/Let%C3%ADcia_Izidoro_Lima_da_Silva;0;
Costa Rica;Dinnia Díaz;27;GK;https://en.wikipedia.org/wiki/Dinnia_D%C3%ADaz;21;
Costa Rica;Gabriela Guillén;23;DF;https://en.wikipedia.org/wiki/Gabriela_Guill%C3%A9n;10;
Costa Rica;Emilie Valenciano;18;DF;https://en.wikipedia.org/wiki/Emilie_Valenciano;4;
Costa Rica;Mariana Benavides;20;DF;https://en.wikipedia.org/wiki/Mariana_Benavides;12;
Costa Rica;Diana Sáenz;26;DF;https://en.wikipedia.org/wiki/Diana_S%C3%A1enz;48;
Costa Rica;Carol Sánchez;29;DF;https://en.wikipedia.org/wiki/Carol_S%C3%A1nchez;33;
Costa Rica;Melissa Herrera;18;FW;https://en.wikipedia.org/wiki/Melissa_Herrera;20;
Costa Rica;Daniela Cruz;24;DF;https://en.wikipedia.org/wiki/Daniela_Cruz;33;
Costa Rica;Carolina Venegas;23;FW;https://en.wikipedia.org/wiki/Carolina_Venegas;35;
Costa Rica;Shirley Cruz Traña;29;MF;https://en.wikipedia.org/wiki/Shirley_Cruz_Tra%C3%B1a;60;
Costa Rica;Raquel Rodríguez;21;FW;https://en.wikipedia.org/wiki/Raquel_Rodr%C3%ADguez;37;
Costa Rica;Lixy Rodríguez;24;DF;https://en.wikipedia.org/wiki/Lixy_Rodr%C3%ADguez;47;
Costa Rica;Noelia Bermúdez;20;GK;https://en.wikipedia.org/wiki/Noelia_Berm%C3%BAdez;1;
Costa Rica;María Barrantes;26;FW;https://en.wikipedia.org/wiki/Mar%C3%ADa_Barrantes;20;
Costa Rica;Cristin Granados;25;MF;https://en.wikipedia.org/wiki/Cristin_Granados;53;
Costa Rica;Katherine Alvarado;24;MF;https://en.wikipedia.org/wiki/Katherine_Alvarado;47;
Costa Rica;Karla Villalobos;28;FW;https://en.wikipedia.org/wiki/Karla_Villalobos;6;
Costa Rica;Yirlania Arroyo;29;GK;https://en.wikipedia.org/wiki/Yirlania_Arroyo;40;
Costa Rica;Fabiola Sánchez;22;DF;https://en.wikipedia.org/wiki/Fabiola_S%C3%A1nchez;10;
Costa Rica;Wendy Acosta;25;FW;https://en.wikipedia.org/wiki/Wendy_Acosta;38;
Costa Rica;Adriana Venegas;25;FW;https://en.wikipedia.org/wiki/Adriana_Venegas;10;
Costa Rica;María Coto;17;DF;https://en.wikipedia.org/wiki/Mar%C3%ADa_Coto;3;
Costa Rica;Gloriana Villalobos;15;MF;https://en.wikipedia.org/wiki/Gloriana_Villalobos;12;
South Korea;Jun Min-kyung;30;GK;https://en.wikipedia.org/wiki/Jun_Min-kyung;45;
South Korea;Lee Eun-mi;26;DF;https://en.wikipedia.org/wiki/Lee_Eun-mi_(footballer);60;
South Korea;Lim Seon-joo;24;DF;https://en.wikipedia.org/wiki/Lim_Seon-joo;44;
South Korea;Shim Seo-yeon;26;DF;https://en.wikipedia.org/wiki/Shim_Seo-yeon;48;
South Korea;Kim Do-yeon;26;DF;https://en.wikipedia.org/wiki/Kim_Do-yeon_(footballer);60;
South Korea;Hwang Bo-ram;27;DF;https://en.wikipedia.org/wiki/Hwang_Bo-ram;32;
South Korea;Jeon Ga-eul;26;MF;https://en.wikipedia.org/wiki/Jeon_Ga-eul;67;
South Korea;Cho So-hyun;26;MF;https://en.wikipedia.org/wiki/Cho_So-hyun;78;
South Korea;Park Eun-sun;28;FW;https://en.wikipedia.org/wiki/Park_Eun-sun;32;
South Korea;Ji So-yun;24;FW;https://en.wikipedia.org/wiki/Ji_So-yun;74;
South Korea;Jung Seol-bin;25;MF;https://en.wikipedia.org/wiki/Jung_Seol-bin;40;
South Korea;Yoo Young-a;27;FW;https://en.wikipedia.org/wiki/Yoo_Young-a;63;
South Korea;Kwon Hah-nul;27;MF;https://en.wikipedia.org/wiki/Kwon_Hah-nul;94;
South Korea;Song Su-ran;24;DF;https://en.wikipedia.org/wiki/Song_Su-ran;20;
South Korea;Park Hee-young;24;MF;https://en.wikipedia.org/wiki/Park_Hee-young_(footballer_born_1991);38;
South Korea;Kang Yu-mi;23;MF;https://en.wikipedia.org/wiki/Kang_Yu-mi;2;
South Korea;Kim Hye-yeong;20;DF;https://en.wikipedia.org/wiki/Kim_Hye-yeong;7;
South Korea;Kim Jung-mi;30;GK;https://en.wikipedia.org/wiki/Kim_Jung-mi_(footballer);89;
South Korea;Kim Soo-yun;25;DF;https://en.wikipedia.org/wiki/Kim_Soo-yun;43;
South Korea;Kim Hye-ri;24;DF;https://en.wikipedia.org/wiki/Kim_Hye-ri_(footballer);45;
South Korea;Yoon Young-guel;27;GK;https://en.wikipedia.org/wiki/Yoon_Young-guel;1;
South Korea;Lee So-dam;20;MF;https://en.wikipedia.org/wiki/Lee_So-dam;17;
South Korea;Lee Geum-min;21;MF;https://en.wikipedia.org/wiki/Lee_Geum-min;6;
Spain;Ainhoa Tirapu;30;GK;https://en.wikipedia.org/wiki/Ainhoa_Tirapu;43;
Spain;Celia Jiménez;19;DF;https://en.wikipedia.org/wiki/Celia_Jim%C3%A9nez;3;
Spain;Leire Landa;28;DF;https://en.wikipedia.org/wiki/Leire_Landa;20;
Spain;Melanie Serrano;25;DF;https://en.wikipedia.org/wiki/Melanie_Serrano;9;
Spain;Ruth García;28;DF;https://en.wikipedia.org/wiki/Ruth_Garc%C3%ADa;45;
Spain;Virginia Torrecilla;20;MF;https://en.wikipedia.org/wiki/Virginia_Torrecilla;13;
Spain;Natalia Pablos;29;FW;https://en.wikipedia.org/wiki/Natalia_Pablos;17;
Spain;Sonia Bermúdez;30;FW;https://en.wikipedia.org/wiki/Sonia_Berm%C3%BAdez;50;
Spain;Verónica Boquete;28;FW;https://en.wikipedia.org/wiki/Ver%C3%B3nica_Boquete;46;
Spain;Jennifer Hermoso;25;MF;https://en.wikipedia.org/wiki/Jennifer_Hermoso;24;
Spain;Priscila Borja;30;FW;https://en.wikipedia.org/wiki/Priscila_Borja;22;
Spain;Marta Corredera;23;MF;https://en.wikipedia.org/wiki/Marta_Corredera;25;
Spain;Dolores Gallardo;21;GK;https://en.wikipedia.org/wiki/Dolores_Gallardo;7;
Spain;Victoria Losada;24;MF;https://en.wikipedia.org/wiki/Victoria_Losada;22;
Spain;Silvia Meseguer;26;MF;https://en.wikipedia.org/wiki/Silvia_Meseguer;35;
Spain;Ivana Andrés;20;DF;https://en.wikipedia.org/wiki/Ivana_Andr%C3%A9s;1;
Spain;Elixabet Ibarra;33;MF;https://en.wikipedia.org/wiki/Elixabet_Ibarra;42;
Spain;Marta Torrejón;25;DF;https://en.wikipedia.org/wiki/Marta_Torrej%C3%B3n;48;
Spain;Erika Vázquez;32;FW;https://en.wikipedia.org/wiki/Erika_V%C3%A1zquez;45;
Spain;Irene Paredes;23;DF;https://en.wikipedia.org/wiki/Irene_Paredes;22;
Spain;Alexia Putellas;21;MF;https://en.wikipedia.org/wiki/Alexia_Putellas;19;
Spain;Amanda Sampedro;21;MF;https://en.wikipedia.org/wiki/Amanda_Sampedro;4;
Spain;Sandra Paños;22;GK;https://en.wikipedia.org/wiki/Sandra_Pa%C3%B1os;3;
Colombia;Stefany Castaño;21;GK;https://en.wikipedia.org/wiki/Stefany_Casta%C3%B1o;7;
Colombia;Carolina Arbeláez;20;MF;https://en.wikipedia.org/wiki/Carolina_Arbel%C3%A1ez;1;
Colombia;Natalia Gaitán;24;DF;https://en.wikipedia.org/wiki/Natalia_Gait%C3%A1n;35;
Colombia;Diana Ospina;26;MF;https://en.wikipedia.org/wiki/Diana_Ospina_(footballer);29;
Colombia;Lina Granados;(age 24;DF;https://en.wikipedia.org/w/index.php?title=Lina_Granados&action=edit&redlink=1;0;
Colombia;Daniela Montoya;24;MF;https://en.wikipedia.org/wiki/Daniela_Montoya;32;
Colombia;Ingrid Vidal;24;FW;https://en.wikipedia.org/wiki/Ingrid_Vidal;50;
Colombia;Mildrey Pineda;25;MF;https://en.wikipedia.org/wiki/Mildrey_Pineda;25;
Colombia;Oriánica Velásquez;25;FW;https://en.wikipedia.org/wiki/Ori%C3%A1nica_Vel%C3%A1squez;37;
Colombia;Yoreli Rincón;21;MF;https://en.wikipedia.org/wiki/Yoreli_Rinc%C3%B3n;45;
Colombia;Catalina Usme;25;MF;https://en.wikipedia.org/wiki/Catalina_Usme;40;
Colombia;Sandra Sepúlveda;27;GK;https://en.wikipedia.org/wiki/Sandra_Sep%C3%BAlveda;37;
Colombia;Angela Clavijo;21;DF;https://en.wikipedia.org/wiki/Angela_Clavijo;15;
Colombia;Nataly Arias;29;DF;https://en.wikipedia.org/wiki/Nataly_Arias;43;
Colombia;Tatiana Ariza;24;FW;https://en.wikipedia.org/wiki/Tatiana_Ariza;35;
Colombia;Lady Andrade;23;FW;https://en.wikipedia.org/wiki/Lady_Andrade;41;
Colombia;Carolina Arias;24;DF;https://en.wikipedia.org/wiki/Carolina_Arias;38;
Colombia;Yisela Cuesta;23;FW;https://en.wikipedia.org/wiki/Yisela_Cuesta;4;
Colombia;Leicy Santos;19;MF;https://en.wikipedia.org/wiki/Leicy_Santos;13;
Colombia;Laura Cosme;23;FW;https://en.wikipedia.org/wiki/Laura_Cosme;5;
Colombia;Isabella Echeverri;20;MF;https://en.wikipedia.org/wiki/Isabella_Echeverri;14;
Colombia;Catalina Pérez;20;GK;https://en.wikipedia.org/wiki/Catalina_P%C3%A9rez_(footballer,_born_1994);4;
Colombia;Manuela González;19;FW;https://en.wikipedia.org/wiki/Manuela_Gonz%C3%A1lez_(footballer);1;
England;Karen Bardsley;30;GK;https://en.wikipedia.org/wiki/Karen_Bardsley;43;
England;Alex Scott;30;DF;https://en.wikipedia.org/wiki/Alex_Scott_(footballer,_born_1984);123;
England;Claire Rafferty;26;DF;https://en.wikipedia.org/wiki/Claire_Rafferty;9;
England;Fara Williams;31;MF;https://en.wikipedia.org/wiki/Fara_Williams;139;
England;Steph Houghton;27;DF;https://en.wikipedia.org/wiki/Steph_Houghton;53;
England;Laura Bassett;31;DF;https://en.wikipedia.org/wiki/Laura_Bassett;49;
England;Jordan Nobbs;22;MF;https://en.wikipedia.org/wiki/Jordan_Nobbs;21;
England;Jill Scott;28;MF;https://en.wikipedia.org/wiki/Jill_Scott_(footballer);90;
England;Eniola Aluko;28;FW;https://en.wikipedia.org/wiki/Eniola_Aluko;90;
England;Karen Carney;27;MF;https://en.wikipedia.org/wiki/Karen_Carney;103;
England;Jade Moore;24;MF;https://en.wikipedia.org/wiki/Jade_Moore;16;
England;Lucy Bronze;23;DF;https://en.wikipedia.org/wiki/Lucy_Bronze;16;
England;Siobhan Chamberlain;31;GK;https://en.wikipedia.org/wiki/Siobhan_Chamberlain;33;
England;Alex Greenwood;21;DF;https://en.wikipedia.org/wiki/Alex_Greenwood_(footballer,_born_1993);12;
England;Casey Stoney;33;DF;https://en.wikipedia.org/wiki/Casey_Stoney;118;
England;Katie Chapman;32;MF;https://en.wikipedia.org/wiki/Katie_Chapman;85;
England;Josanne Potter;30;MF;https://en.wikipedia.org/wiki/Josanne_Potter;19;
England;Toni Duggan;23;FW;https://en.wikipedia.org/wiki/Toni_Duggan;25;
England;Jodie Taylor;29;FW;https://en.wikipedia.org/wiki/Jodie_Taylor;8;
England;Lianne Sanderson;27;FW;https://en.wikipedia.org/wiki/Lianne_Sanderson;46;
England;Carly Telford;27;GK;https://en.wikipedia.org/wiki/Carly_Telford;5;
England;Fran Kirby;21;FW;https://en.wikipedia.org/wiki/Fran_Kirby;8;
England;Ellen White;26;FW;https://en.wikipedia.org/wiki/Ellen_White_(footballer);50;
France;Céline Deville;33;GK;https://en.wikipedia.org/wiki/C%C3%A9line_Deville;65;
France;Wendie Renard;24;DF;https://en.wikipedia.org/wiki/Wendie_Renard;65;
France;Laure Boulleau;28;DF;https://en.wikipedia.org/wiki/Laure_Boulleau;57;
France;Laura Georges;30;DF;https://en.wikipedia.org/wiki/Laura_Georges;158;
France;Sabrina Delannoy;29;DF;https://en.wikipedia.org/wiki/Sabrina_Delannoy;25;
France;Amandine Henry;25;MF;https://en.wikipedia.org/wiki/Amandine_Henry;39;
France;Kenza Dali;23;MF;https://en.wikipedia.org/wiki/Kenza_Dali;11;
France;Jessica Houara;27;DF;https://en.wikipedia.org/wiki/Jessica_Houara;32;
France;Eugénie Le Sommer;26;FW;https://en.wikipedia.org/wiki/Eug%C3%A9nie_Le_Sommer;104;
France;Camille Abily;30;MF;https://en.wikipedia.org/wiki/Camille_Abily;145;
France;Claire Lavogez;20;MF;https://en.wikipedia.org/wiki/Claire_Lavogez;9;
France;Élodie Thomis;28;MF;https://en.wikipedia.org/wiki/%C3%89lodie_Thomis;116;
France;Kadidiatou Diani;20;FW;https://en.wikipedia.org/wiki/Kadidiatou_Diani;5;
France;Louisa Nécib;28;MF;https://en.wikipedia.org/wiki/Louisa_N%C3%A9cib;125;
France;Élise Bussaglia;29;MF;https://en.wikipedia.org/wiki/%C3%89lise_Bussaglia;143;
France;Sarah Bouhaddi;28;GK;https://en.wikipedia.org/wiki/Sarah_Bouhaddi;93;
France;Gaëtane Thiney;29;FW;https://en.wikipedia.org/wiki/Ga%C3%ABtane_Thiney;122;
France;Marie-Laure Delie;27;FW;https://en.wikipedia.org/wiki/Marie-Laure_Delie;85;
France;Griedge Mbock Bathy;20;DF;https://en.wikipedia.org/wiki/Griedge_Mbock_Bathy;9;
France;Anaïg Butel;23;DF;https://en.wikipedia.org/wiki/Ana%C3%AFg_Butel;8;
France;Méline Gérard;25;GK;https://en.wikipedia.org/wiki/M%C3%A9line_G%C3%A9rard;1;
France;Amel Majri;22;DF;https://en.wikipedia.org/wiki/Amel_Majri;7;
France;Kheira Hamraoui;25;MF;https://en.wikipedia.org/wiki/Kheira_Hamraoui;15;
Mexico;Cecilia Santiago;20;GK;https://en.wikipedia.org/wiki/Cecilia_Santiago;39;
Mexico;Kenti Robles;24;DF;https://en.wikipedia.org/wiki/Kenti_Robles;40;
Mexico;Christina Murillo;22;DF;https://en.wikipedia.org/wiki/Christina_Murillo;22;
Mexico;Alina Garciamendez;24;DF;https://en.wikipedia.org/wiki/Alina_Garciamendez;46;
Mexico;Valeria Miranda;22;DF;https://en.wikipedia.org/wiki/Valeria_Miranda;12;
Mexico;Jennifer Ruiz;31;MF;https://en.wikipedia.org/wiki/Jennifer_Ruiz;31;
Mexico;Nayeli Rangel;23;MF;https://en.wikipedia.org/wiki/Nayeli_Rangel;67;
Mexico;Teresa Noyola;25;MF;https://en.wikipedia.org/wiki/Teresa_Noyola;38;
Mexico;Charlyn Corral;23;FW;https://en.wikipedia.org/wiki/Charlyn_Corral;28;
Mexico;Stephany Mayor;23;MF;https://en.wikipedia.org/wiki/Stephany_Mayor;50;
Mexico;Mónica Ocampo;28;FW;https://en.wikipedia.org/wiki/M%C3%B3nica_Ocampo;73;
Mexico;Pamela Tajonar;30;GK;https://en.wikipedia.org/wiki/Pamela_Tajonar;37;
Mexico;Greta Espinoza;20;DF;https://en.wikipedia.org/wiki/Greta_Espinoza;11;
Mexico;Arianna Romero;22;DF;https://en.wikipedia.org/wiki/Arianna_Romero;29;
Mexico;Bianca Sierra;22;DF;https://en.wikipedia.org/wiki/Bianca_Sierra;30;
Mexico;Mónica Alvarado;24;MF;https://en.wikipedia.org/wiki/M%C3%B3nica_Alvarado;20;
Mexico;Veronica Perez;27;MF;https://en.wikipedia.org/wiki/Veronica_Perez;73;
Mexico;Amanda Perez;20;MF;https://en.wikipedia.org/wiki/Amanda_Perez_(footballer);4;
Mexico;Renae Cuéllar;24;FW;https://en.wikipedia.org/wiki/Renae_Cu%C3%A9llar;26;
Mexico;Maria Sánchez;19;MF;https://en.wikipedia.org/wiki/Maria_S%C3%A1nchez_(footballer);0;
Mexico;Anisa Guajardo;24;FW;https://en.wikipedia.org/wiki/Anisa_Guajardo;13;
Mexico;Fabiola Ibarra;21;MF;https://en.wikipedia.org/wiki/Fabiola_Ibarra;3;
Mexico;Emily Alvarado;16;GK;https://en.wikipedia.org/wiki/Emily_Alvarado;0;
